{
	"name": "Bollz",
	"short_name": "Bollz",
	"description": "Bollzs",
	"start_url": "index.html",
	"display": "fullscreen",
	"orientation": "portrait",
	"background_color": "#000000",
	"icons": [
		{
			"src": "icons/icône-16.png",
			"sizes": "16x16",
			"type": "image/png"
		},
		{
			"src": "icons/icône-32.png",
			"sizes": "32x32",
			"type": "image/png"
		},
		{
			"src": "icons/icône-64.png",
			"sizes": "64x64",
			"type": "image/png"
		},
		{
			"src": "icons/icône-128.png",
			"sizes": "128x128",
			"type": "image/png"
		},
		{
			"src": "icons/icône-256.png",
			"sizes": "256x256",
			"type": "image/png"
		},
		{
			"src": "icons/icône-512.png",
			"sizes": "512x512",
			"type": "image/png"
		}
	]
}